plan,date,latitude,longitude,qty_notes
Plan A,2016-03-01,8.41861232151,-80.2816435299,789
Plan A,2016-03-01,9.02195458854,-79.597401275,342
Plan A,2016-03-01,9.08792334709,-79.6083177811,986
Plan A,2016-03-01,9.32561426517,-79.8486739156,276
Plan A,2016-03-01,9.39169441093,-79.8520674136,187
Plan A,2016-03-01,9.41552024438,-79.7889997569,515
Plan B,2016-03-01,8.65232859786,-80.4847422161,635
Plan B,2016-03-01,8.93267623183,-79.8851576863,882
Plan D,2016-03-01,8.69303084595,-79.8147397982,430
Plan E,2016-03-01,9.35729481372,-79.7632919892,353
Plan G,2016-03-01,8.90995389246,-79.9163763836,233
Plan G,2016-03-01,9.07014806859,-79.1129677994,744
Plan G,2016-03-01,9.15364849002,-79.6481022906,915
Plan G,2016-03-01,9.21508370327,-79.1752919591,534
Plan A,2016-03-02,8.72305176716,-79.8291799449,114
Plan A,2016-03-02,9.27190514314,-79.5833798324,629
Plan A,2016-03-02,9.53321128112,-79.752341972,710
Plan A,2016-03-02,9.59186005619,-79.8905286215,370
Plan B,2016-03-02,8.11636546734,-80.6268090179,303
Plan B,2016-03-02,8.51016734483,-79.8496574215,902
Plan B,2016-03-02,8.96338501663,-79.5745419072,930
Plan B,2016-03-02,8.97027148922,-79.6107475041,319
Plan B,2016-03-02,9.07251580853,-79.6583622557,856
Plan B,2016-03-02,9.1347282957,-78.8747295156,802
Plan C,2016-03-02,8.81955677138,-79.682863587,694
Plan D,2016-03-02,9.01397127402,-79.5699749227,366
Plan D,2016-03-02,9.07806262828,-79.6917742224,558
Plan D,2016-03-02,9.11278544936,-79.5759270776,854
Plan D,2016-03-02,9.35209404252,-79.6980109858,132
Plan D,2016-03-02,9.65690887713,-79.8954690364,685
Plan F,2016-03-02,8.94093613506,-79.5415930307,576
Plan F,2016-03-02,8.9425645156,-79.5000895798,263
Plan F,2016-03-02,9.0888899843,-79.3665795088,922
Plan A,2016-03-03,8.88037659627,-80.1267447641,7
Plan A,2016-03-03,9.0296483037,-79.4802970149,836
Plan B,2016-03-03,8.89326298627,-79.6106164601,445
Plan B,2016-03-03,8.95509943857,-79.510526994,444
Plan B,2016-03-03,9.04825902236,-79.352602826,427
Plan B,2016-03-03,9.09266907515,-79.4281279128,441
Plan B,2016-03-03,9.22378602306,-78.8511208633,550
Plan B,2016-03-03,9.25485878086,-79.7867575014,664
Plan C,2016-03-03,8.35043960903,-79.9011546653,434
Plan C,2016-03-03,9.06622827485,-79.4929492187,374
Plan C,2016-03-03,9.12941704395,-78.832380973,473
Plan C,2016-03-03,9.24187994088,-79.4943653418,444
Plan C,2016-03-03,9.42766355675,-79.7491898062,44
Plan D,2016-03-03,8.90227336226,-79.4741599184,769
Plan D,2016-03-03,9.1075231827,-79.5938339198,704
Plan D,2016-03-03,9.19860641758,-78.9038752567,68
Plan D,2016-03-03,9.20102192388,-79.0734882063,360
Plan D,2016-03-03,9.24348628785,-78.922888427,846
Plan D,2016-03-03,9.3406115459,-79.6673080357,181
Plan E,2016-03-03,9.09450793442,-79.6328833887,14
Plan F,2016-03-03,8.29646642218,-80.3380140912,583
Plan F,2016-03-03,8.47906637618,-80.3137088232,435
Plan F,2016-03-03,9.21938926488,-79.648071537,421
Plan G,2016-03-03,8.98605724681,-79.2858988169,395
Plan G,2016-03-03,9.19408148929,-79.5203182389,178
Plan A,2016-03-04,7.94247662561,-79.9427015258,920
Plan A,2016-03-04,9.15172237676,-79.5772733475,852
Plan B,2016-03-04,9.18720155999,-78.9346699852,90
Plan B,2016-03-04,9.28036854545,-79.6594390537,481
Plan B,2016-03-04,9.29953740716,-79.6691933773,750
Plan B,2016-03-04,9.35021617313,-79.6172816303,994
Plan C,2016-03-04,8.6453123636,-80.256588118,266
Plan C,2016-03-04,8.66232343895,-80.3609261853,730
Plan D,2016-03-04,9.26264166571,-79.8325477075,57
Plan E,2016-03-04,8.64309982042,-79.7984869169,110
Plan F,2016-03-04,8.79112404647,-79.6948755365,613
Plan F,2016-03-04,8.92073074316,-79.7101432342,198
Plan F,2016-03-04,9.04785667119,-79.4361024203,630
Plan G,2016-03-04,9.06734180286,-79.5919136759,876
Plan G,2016-03-04,9.26289802008,-79.5986758751,287
Plan A,2016-03-05,9.70942094293,-79.8641876489,41
Plan B,2016-03-05,9.207332704,-79.5734443704,386
Plan B,2016-03-05,9.21413464391,-79.8968815406,122
Plan B,2016-03-05,9.39273367144,-79.8474557214,31
Plan C,2016-03-05,8.86087595712,-79.9610549544,181
Plan C,2016-03-05,8.92192180476,-79.5921428219,22
Plan C,2016-03-05,9.00270334412,-79.8541487009,648
Plan C,2016-03-05,9.19759632309,-78.9477531268,587
Plan C,2016-03-05,9.52982827406,-79.9567644546,398
Plan D,2016-03-05,9.2289184276,-79.4597478803,451
Plan E,2016-03-05,9.07526945972,-79.56596001,784
Plan E,2016-03-05,9.39286813445,-79.6282087812,50
Plan F,2016-03-05,8.13733464964,-80.5000673697,566
Plan F,2016-03-05,8.94338850984,-79.4894396371,1000
Plan F,2016-03-05,8.95667547495,-79.5630856195,293
Plan G,2016-03-05,8.23992555575,-80.3251892494,576
Plan G,2016-03-05,9.15206926959,-79.7335203902,448
Plan B,2016-03-06,9.26838986055,-79.8677988547,996
Plan B,2016-03-06,9.35477045936,-79.8080154806,339
Plan B,2016-03-06,9.65855396938,-79.9204519146,554
Plan C,2016-03-06,9.57234230041,-79.8191871499,231
Plan D,2016-03-06,8.44796481991,-80.021388499,397
Plan D,2016-03-06,8.943646341,-79.7431409554,920
Plan D,2016-03-06,8.95387088668,-79.9683780858,957
Plan D,2016-03-06,9.00634452236,-79.3487739206,273
Plan E,2016-03-06,8.04146622671,-80.7123837092,764
Plan E,2016-03-06,8.15184596064,-81.2019017447,88
Plan E,2016-03-06,8.83643696832,-79.5203995591,882
Plan E,2016-03-06,8.85011169722,-79.4936366499,263
Plan E,2016-03-06,125.14947251,-80.0853474882,164
Plan G,2016-03-06,9.09425009133,-79.4736791749,667
Plan A,2016-03-07,9.05801029733,-79.449412721,277
Plan A,2016-03-07,9.21725640727,-79.7379696636,620
Plan B,2016-03-07,9.400620126,-79.8587253852,729
Plan D,2016-03-07,8.47734864842,-79.9420710973,805
Plan E,2016-03-07,-97.4167404373,-80.1009097284,340
Plan E,2016-03-07,9.02983251318,-79.3174873737,631
Plan F,2016-03-07,8.0559236343,-79.9904936806,645
Plan F,2016-03-07,8.32773031206,-80.6026898473,419
Plan F,2016-03-07,9.10610103406,-79.8590823895,180
Plan F,2016-03-07,9.56055238185,-79.8326980235,508
Plan G,2016-03-07,9.24633930041,-79.5524488743,334
Plan G,2016-03-07,9.34090390626,-79.9646834861,642
Plan A,2016-03-08,9.21857404279,-78.793317682,150
Plan B,2016-03-08,8.9698269026,-79.9209266854,548
Plan B,2016-03-08,9.23839166518,-79.6575531978,200
Plan B,2016-03-08,9.268730203,-79.5577996226,935
Plan C,2016-03-08,9.18658053994,-79.3984001921,35
Plan C,2016-03-08,9.23778734337,-79.8006072456,308
Plan D,2016-03-08,8.10808732074,-81.0651124379,1005
Plan D,2016-03-08,8.49101576948,-79.9254137014,32
Plan D,2016-03-08,8.66146392864,-79.9952487902,668
Plan F,2016-03-08,9.01225905908,-79.5749672147,184
Plan F,2016-03-08,9.11905726096,-79.5721350634,173
Plan G,2016-03-08,7.77484721581,-80.069028924,595
Plan G,2016-03-08,9.13214961528,-79.6613656494,280
Plan A,2016-03-09,8.98189185802,-79.5952737231,654
Plan A,2016-03-09,9.21987059065,-79.0293936847,424
Plan A,2016-03-09,9.29874246228,-79.6360133105,735
Plan C,2016-03-09,9.16743093539,-78.8083328666,90
Plan C,2016-03-09,9.3850278891,-79.6595839038,1006
Plan D,2016-03-09,8.77226795058,-80.3802644005,48
Plan D,2016-03-09,9.33866355188,-79.626799478,969
Plan E,2016-03-09,7.5007566888,-80.0049291376,660
Plan E,2016-03-09,8.3066116697,-80.2386099824,348
Plan E,2016-03-09,8.93631678855,-79.6775884536,714
Plan G,2016-03-09,9.01106239807,-79.5303606446,874
Plan A,2016-03-10,8.99259234759,-79.7269291091,675
Plan B,2016-03-10,9.32100695625,-79.8840626316,752
Plan C,2016-03-10,8.0233530825,-80.8985461037,84
Plan C,2016-03-10,8.20764878283,-79.9473898705,858
Plan C,2016-03-10,8.97713647974,-79.4384755214,435
Plan C,2016-03-10,9.26027187654,-78.8566867365,29
Plan E,2016-03-10,8.07806734729,-81.0120376169,245
Plan E,2016-03-10,8.36717136345,-80.2548564011,185
Plan E,2016-03-10,8.9618548259,-79.5069129657,393
Plan F,2016-03-10,8.9362011875,-79.5873541425,309
Plan F,2016-03-10,9.04630440651,-79.4947288348,3
Plan G,2016-03-10,8.34751748363,-80.6037818281,872
Plan G,2016-03-10,9.10317765137,-79.2952455803,475
Plan A,2016-03-11,8.88310500219,-79.8097040182,894
Plan A,2016-03-11,9.00125898323,-79.4195719074,132
Plan A,2016-03-11,9.12031342232,-79.46307925,538
Plan A,2016-03-11,9.19500846992,-79.6928901725,616
Plan A,2016-03-11,9.31721487124,-79.8589670207,278
Plan C,2016-03-11,8.03980140251,-80.9806087468,232
Plan C,2016-03-11,9.00517082378,-79.4037855546,329
Plan C,2016-03-11,9.03092502265,-79.5280634608,176
Plan C,2016-03-11,9.15343728595,-79.1402347987,688
Plan E,2016-03-11,9.17326247331,-79.5439781529,288
Plan F,2016-03-11,8.20331633389,-80.3076344578,905
Plan F,2016-03-11,8.77413567858,-79.8183270163,785
Plan F,2016-03-11,9.06546651472,-79.4739629618,96
Plan G,2016-03-11,8.24712911994,-80.4622375224,530
Plan G,2016-03-11,9.02892291788,-79.551268259,32
Plan A,2016-03-12,9.06458697056,-79.728486463,79
Plan B,2016-03-12,8.94468428491,-79.5764773708,542
Plan B,2016-03-12,9.02223707831,-79.6604184661,360
Plan B,2016-03-12,9.15663242863,-79.6663011167,58
Plan C,2016-03-12,8.6717221122,-79.8608908655,195
Plan C,2016-03-12,9.22007708127,-79.7194286491,460
Plan D,2016-03-12,8.94873513327,-79.4126343434,900
Plan D,2016-03-12,9.39786408793,-79.657119689,333
Plan F,2016-03-12,8.67918670395,-79.763179515,641
Plan G,2016-03-12,8.84641581896,-79.8617542897,523
Plan A,2016-03-13,9.41233256444,-79.8109229666,887
Plan B,2016-03-13,9.05642048692,-79.3350633863,784
Plan B,2016-03-13,9.10375337317,-79.8246016829,921
Plan C,2016-03-13,8.17947007379,-81.7133059762,345
Plan C,2016-03-13,9.01758167994,-79.4746245817,710
Plan C,2016-03-13,9.14934350097,-79.5700741256,725
Plan D,2016-03-13,8.28424640182,-80.4134145925,250
Plan D,2016-03-13,8.99950274397,-79.4276012338,817
Plan E,2016-03-13,8.95846298234,-79.4792583358,951
Plan E,2016-03-13,8.98372056854,-79.5565870959,321
Plan E,2016-03-13,9.51086143862,-79.8810489938,209
Plan F,2016-03-13,9.23219850168,-79.0297277715,997
Plan G,2016-03-13,8.36807860986,-80.5683597234,226
Plan G,2016-03-13,8.58915793088,-79.8406322017,889
Plan G,2016-03-13,9.23378352407,-79.6057513793,437
Plan G,2016-03-13,9.30894398032,-79.8435930965,985
Plan A,2016-03-14,9.24195659734,-78.8093596873,55
Plan C,2016-03-14,8.05794006109,-81.647439534,638
Plan C,2016-03-14,8.19306652234,-81.7273219635,994
Plan C,2016-03-14,9.1951091618,-79.3747495561,834
Plan D,2016-03-14,8.4178448504,-80.3177496783,192
Plan D,2016-03-14,8.96745485087,-79.9764005434,833
Plan D,2016-03-14,9.05911351506,-79.5518754298,213
Plan D,2016-03-14,9.18205357438,-79.3605142947,619
Plan D,2016-03-14,9.40141026828,-79.7170051137,366
Plan F,2016-03-14,7.68621239586,-80.141372526,5
Plan F,2016-03-14,9.12284987649,-79.28302902,964
Plan G,2016-03-14,9.08993619013,-79.634943975,376
Plan G,2016-03-14,9.30278044092,-79.7158983044,799
Plan A,2016-03-15,8.33600406714,-79.9092999906,16
Plan A,2016-03-15,8.70901204993,-80.0576694588,414
Plan A,2016-03-15,9.23120939665,-78.8620461172,313
Plan B,2016-03-15,9.00504751477,-79.560087789,631
Plan B,2016-03-15,9.08894066373,-79.4897116336,315
Plan B,2016-03-15,9.12530361096,-79.3016369749,391
Plan B,2016-03-15,9.17761478315,-78.9104004309,266
Plan C,2016-03-15,8.30373920375,-80.5637331365,246
Plan D,2016-03-15,7.95267175649,-80.0029744063,353
Plan D,2016-03-15,8.72222053363,-79.7449421525,417
Plan D,2016-03-15,9.13972874991,-79.3723366929,988
Plan D,2016-03-15,10.5670664506,-80.2087432591,728
Plan E,2016-03-15,8.24251985247,-80.4523716607,669
Plan E,2016-03-15,9.52502760377,-79.8289795401,118
Plan F,2016-03-15,8.98202946387,-79.5132829915,697
Plan F,2016-03-15,9.2735547419,-79.6520664077,737
Plan G,2016-03-15,8.42371397855,-80.3546087514,662
Plan G,2016-03-15,8.61495697145,-79.8667181147,650
Plan G,2016-03-15,9.18348255063,-79.4539760765,404
Plan A,2016-03-16,8.51774074818,-80.0283659778,6
Plan A,2016-03-16,9.29824343688,-79.556886353,281
Plan B,2016-03-16,9.00662305742,-79.441000718,558
Plan B,2016-03-16,9.18892727409,-79.0144121219,301
Plan C,2016-03-16,9.0708699041,-79.5692728659,133
Plan C,2016-03-16,9.26735564668,-79.9269675961,917
Plan C,2016-03-16,9.47652890818,-79.7826731075,910
Plan C,2016-03-16,9.64021659598,-79.8357373801,474
Plan D,2016-03-16,7.94881618107,-80.236891129,416
Plan D,2016-03-16,8.7236514054,-79.879789945,57
Plan D,2016-03-16,9.08452736173,-79.7044005917,745
Plan D,2016-03-16,9.08974296884,-79.8772211827,612
Plan E,2016-03-16,9.2459851849,-79.5683547249,260
Plan F,2016-03-16,-51.557293463,-80.1855254589,440
Plan F,2016-03-16,8.48844391419,-80.4389283298,146
Plan F,2016-03-16,9.47423700716,-79.8740011814,551
Plan G,2016-03-16,9.37574719375,-79.8873057763,597
Plan A,2016-03-17,9.27501286246,-78.8725305499,915
Plan A,2016-03-17,9.33536071702,-79.5979783758,430
Plan B,2016-03-17,8.92733953337,-79.7747485169,57
Plan B,2016-03-17,9.26336649884,-79.7115522667,879
Plan B,2016-03-17,9.41082921072,-79.7165289473,441
Plan C,2016-03-17,8.46805872149,-79.9493606245,24
Plan C,2016-03-17,9.01054601838,-79.585018782,541
Plan C,2016-03-17,9.03547766022,-79.5714589929,371
Plan E,2016-03-17,9.11318453193,-79.4193913066,166
Plan F,2016-03-17,8.98141097499,-79.5459653998,617
Plan A,2016-03-18,9.06058500292,-79.5040653356,485
Plan A,2016-03-18,9.1819847065,-79.7984476662,389
Plan B,2016-03-18,8.27739550707,-80.4041737981,319
Plan C,2016-03-18,8.86988499679,-79.6696525755,658
Plan D,2016-03-18,8.9641503595,-79.8871662676,684
Plan D,2016-03-18,9.86182116814,-80.0755935266,840
Plan E,2016-03-18,9.36113494545,-79.9473900102,650
Plan E,2016-03-18,9.39044167049,-79.6675099934,868
Plan F,2016-03-18,8.99809106278,-79.7567341688,941
Plan F,2016-03-18,9.55108974939,-79.8787309884,115
Plan F,2016-03-18,9.55829049866,-79.7756724557,914
Plan G,2016-03-18,8.90768989072,-79.5111537091,16
Plan G,2016-03-18,9.08814256632,-79.7620982472,257
Plan G,2016-03-18,9.16388520269,-79.8960713118,141
Plan G,2016-03-18,9.31048142255,-79.8015593139,716
Plan B,2016-03-19,8.48915088427,-80.5113475924,413
Plan B,2016-03-19,9.17288053286,-79.1752242354,812
Plan E,2016-03-19,8.35474724504,-79.9814769271,451
Plan E,2016-03-19,8.75095698398,-79.6733424793,775
Plan E,2016-03-19,9.11477324572,-79.6815224715,357
Plan E,2016-03-19,9.16214140514,-79.5650359595,442
Plan E,2016-03-19,9.43639234982,-79.818105802,815
Plan F,2016-03-19,8.77663845703,-79.8380019684,988
Plan F,2016-03-19,9.1474891022,-79.552253027,136
Plan F,2016-03-19,9.19055179796,-79.1480958726,707
Plan G,2016-03-19,9.00226727401,-79.2777830714,631
Plan B,2016-03-20,8.41510577699,-80.4592302671,427
Plan B,2016-03-20,8.4199769542,-80.4918810588,504
Plan B,2016-03-20,9.35292734907,-79.6568073224,953
Plan C,2016-03-20,8.1139144566,-80.8832401368,786
Plan C,2016-03-20,8.14516422929,-80.3305920562,386
Plan C,2016-03-20,8.50981671688,-80.4758393972,664
Plan C,2016-03-20,9.29329013418,-79.651634349,83
Plan C,2016-03-20,9.46315687626,-79.7436129483,597
Plan C,2016-03-20,9.4661644244,-79.833081991,788
Plan D,2016-03-20,9.0300548542,-79.4316769835,806
Plan E,2016-03-20,9.24141887959,-79.0596955591,363
Plan F,2016-03-20,9.02184376207,-79.5243142862,492
Plan F,2016-03-20,9.06666597613,-79.6977079511,608
Plan G,2016-03-20,9.43965977698,-79.9584875957,808
Plan A,2016-03-21,8.35783637748,-80.2660336072,829
Plan B,2016-03-21,9.07820373104,-79.4660022377,642
Plan C,2016-03-21,8.9998324976,-79.5112374,338
Plan C,2016-03-21,9.1590901488,-79.642334933,469
Plan C,2016-03-21,9.26825712753,-78.9016926335,1
Plan C,2016-03-21,9.68007094408,-79.9022898493,922
Plan D,2016-03-21,9.17351348046,-79.7478593935,85
Plan D,2016-03-21,9.26335721376,-79.8166951732,228
Plan E,2016-03-21,8.9896454116,-79.6343458243,754
Plan E,2016-03-21,9.05504848476,-79.4812126978,698
Plan E,2016-03-21,9.28270530622,-79.6280118108,951
Plan F,2016-03-21,8.70402899525,-79.8159971499,293
Plan F,2016-03-21,8.96076662541,-79.4718583522,46
Plan G,2016-03-21,9.48601170849,-79.9934443121,328
Plan A,2016-03-22,8.52734342088,-80.3810553267,178
Plan A,2016-03-22,9.12094551555,-79.5027289572,546
Plan A,2016-03-22,9.18962132272,-79.7582177272,803
Plan A,2016-03-22,9.48307353656,-79.8443246334,768
Plan B,2016-03-22,8.20579965044,-80.0332324185,73
Plan B,2016-03-22,9.20954612027,-79.6504250972,98
Plan C,2016-03-22,8.09850650504,-81.6088056468,496
Plan C,2016-03-22,8.48557542028,-79.9801023153,457
Plan C,2016-03-22,9.0906493516,-79.4082040885,406
Plan D,2016-03-22,8.63493582343,-79.7791635332,619
Plan D,2016-03-22,9.22946063545,-78.870369767,673
Plan E,2016-03-22,9.02294104918,-79.4026298409,126
Plan F,2016-03-22,9.07298955328,-79.356506092,891
Plan F,2016-03-22,9.37970430071,-79.8159684701,631
Plan G,2016-03-22,9.12378577499,-78.9980444691,897
Plan B,2016-03-23,9.09890405235,-79.5575405626,825
Plan C,2016-03-23,8.88486133739,-79.8138664352,544
Plan C,2016-03-23,8.92443008467,-79.5533967723,708
Plan D,2016-03-23,8.67810119789,-79.831809568,302
Plan D,2016-03-23,9.0722017578,-79.4183286359,561
Plan F,2016-03-23,8.98682519686,-79.5406328175,261
Plan G,2016-03-23,9.2004304138,-79.6913472375,204
Plan G,2016-03-23,9.3953949568,-79.7139327079,986
Plan A,2016-03-24,9.01479316338,-79.5098673922,270
Plan A,2016-03-24,9.02643143293,-79.2862581955,397
Plan A,2016-03-24,9.04957259971,-79.4343594386,496
Plan A,2016-03-24,9.15441063204,-79.5976285725,475
Plan A,2016-03-24,9.21536882989,-79.1661395319,93
Plan B,2016-03-24,8.08963191495,-81.6963459604,857
Plan B,2016-03-24,8.11694079463,-81.4262866976,167
Plan B,2016-03-24,8.8967402269,-79.5699192795,808
Plan B,2016-03-24,8.97489089118,-79.327047982,15
Plan B,2016-03-24,9.06895304732,-79.2225408173,621
Plan B,2016-03-24,9.11776814601,-79.3207283293,389
Plan B,2016-03-24,9.16786641755,-79.5036995735,481
Plan B,2016-03-24,9.18873069758,-79.7652871459,961
Plan B,2016-03-24,9.2087473215,-79.4874769336,761
Plan B,2016-03-24,9.24796843922,-79.0237038195,8
Plan C,2016-03-24,8.70300662,-80.3180480703,472
Plan C,2016-03-24,8.80002247216,-79.7780937589,281
Plan C,2016-03-24,8.81750648885,-79.8517848826,444
Plan C,2016-03-24,8.98770373999,-79.5061734346,190
Plan C,2016-03-24,9.02280817935,-79.3389965094,675
Plan D,2016-03-24,8.0673958341,-80.9938697331,517
Plan D,2016-03-24,9.07779536418,-79.5844122073,486
Plan E,2016-03-24,8.34115037471,-80.0526803318,254
Plan E,2016-03-24,9.07481284512,-79.5459156117,302
Plan E,2016-03-24,9.19389027239,-79.8298610867,570
Plan F,2016-03-24,8.93617100807,-79.6220827609,898
Plan F,2016-03-24,9.12657351229,-79.5484781382,744
Plan G,2016-03-24,8.96626374567,-79.6165241734,730
Plan G,2016-03-24,9.0930152041,-79.4973948195,239
Plan A,2016-03-25,8.43511634497,-80.3219416451,962
Plan A,2016-03-25,8.96366816694,-79.5671554589,928
Plan A,2016-03-25,9.18701104163,-79.7265590261,511
Plan A,2016-03-25,9.22001219849,-79.4849472747,297
Plan A,2016-03-25,9.40628009062,-79.6710864119,838
Plan B,2016-03-25,9.0856049492,-79.3722402717,977
Plan C,2016-03-25,7.54272018464,-80.039076363,787
Plan D,2016-03-25,8.11063252014,-80.7322402952,482
Plan D,2016-03-25,8.80829482286,-79.7090805176,273
Plan D,2016-03-25,8.99599741039,-79.6878492433,305
Plan D,2016-03-25,9.47844561144,-79.8589168826,189
Plan E,2016-03-25,8.78400567807,-79.7471378928,388
Plan E,2016-03-25,8.85487540022,-79.559937495,106
Plan E,2016-03-25,8.92074425896,-79.4964132395,939
Plan E,2016-03-25,9.02732200888,-79.5853975312,319
Plan E,2016-03-25,9.18963423013,-79.441979851,43
Plan F,2016-03-25,9.15835970546,-79.7562719054,530
Plan G,2016-03-25,8.67880626093,-79.9617283391,75
Plan G,2016-03-25,8.72295588696,-79.8674224783,115
Plan G,2016-03-25,9.10534297483,-79.3869598223,48
Plan A,2016-03-26,8.34249893235,-80.5103124585,463
Plan A,2016-03-26,9.10060395902,-79.3735560544,671
Plan A,2016-03-26,9.41395330921,-79.7581555244,516
Plan B,2016-03-26,8.80118372112,-79.6968853491,586
Plan B,2016-03-26,8.94636748745,-79.4333891238,310
Plan B,2016-03-26,110.635638211,-80.0900542015,610
Plan C,2016-03-26,9.02415632333,-79.5151976528,1004
Plan D,2016-03-26,8.85949425676,-79.7848136552,653
Plan D,2016-03-26,9.11448700424,-79.8857950414,493
Plan E,2016-03-26,9.11760006544,-79.6916529286,3
Plan E,2016-03-26,9.19903651974,-79.7910114155,404
Plan F,2016-03-26,8.78303053338,-79.767766784,527
Plan G,2016-03-26,8.81187008401,-79.5994626041,292
Plan G,2016-03-26,9.04147176453,-79.609915568,2
Plan G,2016-03-26,9.1826048612,-79.4280315088,83
Plan G,2016-03-26,9.36569711012,-79.9970098881,372
Plan B,2016-03-27,8.64656689606,-79.7945178543,129
Plan B,2016-03-27,9.2045316213,-79.5914376232,904
Plan B,2016-03-27,9.26040575952,-79.9389583869,526
Plan B,2016-03-27,9.46439519966,-79.7825104316,724
Plan C,2016-03-27,8.20766673021,-80.1391363995,523
Plan C,2016-03-27,8.75367853159,-79.6747322084,899
Plan C,2016-03-27,9.00865804326,-79.3772155914,951
Plan D,2016-03-27,8.05975642208,-80.5327284566,142
Plan E,2016-03-27,8.23869647684,-80.9926086278,492
Plan E,2016-03-27,9.25263300235,-78.8401903461,273
Plan F,2016-03-27,8.74241231722,-79.8105246972,181
Plan G,2016-03-27,8.87361470952,-79.6887020058,822
Plan G,2016-03-27,8.95209612617,-79.9422708888,924
Plan A,2016-03-28,8.8497353605,-79.8976233127,376
Plan A,2016-03-28,9.16728456952,-79.62182395,319
Plan B,2016-03-28,9.08214128964,-79.4767776452,42
Plan B,2016-03-28,9.27254640057,-79.0446849298,1
Plan C,2016-03-28,8.58202689331,-79.9379439404,655
Plan C,2016-03-28,9.3866281279,-79.7183754637,313
Plan C,2016-03-28,9.44367443569,-79.6747133558,493
Plan D,2016-03-28,8.26921295729,-80.4362513945,396
Plan D,2016-03-28,9.11190597371,-79.8733111786,850
Plan D,2016-03-28,9.36840342232,-79.5820418856,93
Plan E,2016-03-28,8.92214831352,-79.4899007908,18
Plan E,2016-03-28,9.06024843605,-79.6561491818,111
Plan E,2016-03-28,9.39676366394,-79.6268744103,768
Plan F,2016-03-28,9.02187057849,-79.7096256353,498
Plan F,2016-03-28,9.17192746699,-79.2519140954,834
Plan G,2016-03-28,8.6026554521,-79.9345453163,557
Plan G,2016-03-28,9.0093716151,-79.5417934335,635
Plan G,2016-03-28,9.2547635883,-79.0478437449,763
Plan G,2016-03-28,9.30504436537,-79.7473676602,87
Plan B,2016-03-29,9.12772972866,-79.2210602508,381
Plan B,2016-03-29,9.23629937498,-79.8748128983,181
Plan E,2016-03-29,9.05404657918,-79.5308356042,597
Plan F,2016-03-29,8.13666430577,-79.9375566198,443
Plan A,2016-03-30,8.07979371892,-81.6263706476,1003
Plan A,2016-03-30,8.57742437199,-79.9611580023,253
Plan B,2016-03-30,8.96528771382,-79.5581945812,625
Plan B,2016-03-30,9.13957802795,-79.4245253823,216
Plan B,2016-03-30,9.16171164448,-79.3961362322,873
Plan C,2016-03-30,8.10730952052,-81.412614095,711
Plan C,2016-03-30,9.16859718105,-78.8552630762,707
Plan C,2016-03-30,9.18341665483,-79.1860153602,66
Plan C,2016-03-30,9.38388495424,-79.686396689,106
Plan D,2016-03-30,9.2807843756,-79.8096620162,312
Plan E,2016-03-30,8.66239605581,-80.0664616621,677
Plan F,2016-03-30,8.24459402588,-81.1394270272,258
Plan F,2016-03-30,8.29459511011,-80.3420304707,225
Plan F,2016-03-30,8.9766675823,-79.6480944197,789
Plan F,2016-03-30,9.14778046769,-79.8379228754,282
Plan F,2016-03-30,9.15237367214,-79.6770231333,334
Plan F,2016-03-30,9.23613031856,-79.7614437498,589
Plan G,2016-03-30,8.0060557025,-79.9924253799,666
Plan G,2016-03-30,8.26821359971,-81.2345112376,367
Plan G,2016-03-30,8.8265365306,-79.6076399893,473
Plan G,2016-03-30,9.00862296777,-79.5346528715,344
Plan G,2016-03-30,9.11271057337,-79.4308237443,947
Plan A,2016-04-01,7.90035004863,-80.2643407223,271
Plan A,2016-04-01,9.04212971033,-79.4193402988,567
Plan C,2016-04-01,9.18882521264,-79.3443788859,105
Plan D,2016-04-01,7.93684051834,-80.2452005008,224
Plan D,2016-04-01,8.80803254254,-79.7090521549,792
Plan D,2016-04-01,9.06190911812,-79.1108176316,356
Plan D,2016-04-01,9.58197802475,-79.8122394541,908
Plan E,2016-04-01,9.08075321924,-79.6071275971,191
Plan F,2016-04-01,8.86610472097,-79.6673846769,438
Plan G,2016-04-01,9.18489242694,-78.8296120164,959
Plan A,2016-04-02,9.00252878882,-79.3996957841,498
Plan A,2016-04-02,9.07250110806,-79.5763290661,632
Plan A,2016-04-02,9.18874926366,-79.2848711977,577
Plan B,2016-04-02,8.81412722885,-79.877373456,108
Plan B,2016-04-02,8.92501100939,-79.5950624511,876
Plan B,2016-04-02,8.97208046805,-79.5777942538,981
Plan B,2016-04-02,9.06222536936,-79.248317739,524
Plan C,2016-04-02,8.86512787976,-80.3152819905,690
Plan E,2016-04-02,8.91893431698,-79.5572129776,875
Plan E,2016-04-02,9.06729881007,-79.5554325732,857
Plan E,2016-04-02,9.16393320521,-79.8746327971,583
Plan F,2016-04-02,9.09435451379,-79.5454787178,57
Plan F,2016-04-02,9.10107223272,-79.6529610116,618
Plan F,2016-04-02,9.10370436589,-79.5423563459,424
Plan G,2016-04-02,8.84953828802,-79.6105195263,328
Plan B,2016-04-03,7.8888796472,-80.2685266277,871
Plan B,2016-04-03,8.56255533751,-80.4987038045,964
Plan B,2016-04-03,9.33564493568,-79.6667232542,59
Plan C,2016-04-03,8.24399032796,-80.4480235386,596
Plan C,2016-04-03,9.13460281111,-79.3705458394,191
Plan D,2016-04-03,8.9207256109,-79.5375878569,222
Plan F,2016-04-03,8.74779319978,-80.2096847981,269
Plan F,2016-04-03,9.43288565237,-79.6515470111,663
Plan G,2016-04-03,7.20119231487,-80.0154373576,906
Plan A,2016-04-04,8.8650014562,-79.7853971457,466
Plan A,2016-04-04,9.00628747475,-79.5386300704,487
Plan B,2016-04-04,9.06032133112,-79.5760510491,346
Plan D,2016-04-04,9.00575336053,-79.4494618663,555
Plan D,2016-04-04,9.21927193639,-79.8885317165,542
Plan E,2016-04-04,8.18768317448,-80.6607996574,688
Plan E,2016-04-04,9.26824296075,-79.5576081712,65
Plan E,2016-04-04,9.27818052627,-79.6708201589,797
Plan F,2016-04-04,8.97839678379,-79.4135452461,243
Plan F,2016-04-04,9.18287716553,-79.4117092728,495
Plan A,2016-04-05,9.06086434601,-79.4483323106,811
Plan C,2016-04-05,8.2986002918,-79.9012832164,97
Plan C,2016-04-05,8.65490828147,-79.8918302508,338
Plan D,2016-04-05,8.73779962898,-79.7248975403,457
Plan D,2016-04-05,9.04626583073,-79.4673881182,187
Plan D,2016-04-05,9.09229848398,-80.1472240997,497
Plan D,2016-04-05,9.17949186456,-79.611581516,418
Plan D,2016-04-05,9.23359504565,-79.8831768989,552
Plan E,2016-04-05,9.22490490329,-79.5558219864,201
Plan F,2016-04-05,9.15303429314,-79.4165328632,691
Plan G,2016-04-05,8.27835555479,-81.2076370482,199
Plan G,2016-04-05,8.89560189539,-79.502009416,235
Plan A,2016-04-06,8.06676055511,-80.718109516,770
Plan A,2016-04-06,8.90647883935,-79.7352482999,416
Plan A,2016-04-06,9.10548447985,-79.5301240113,377
Plan A,2016-04-06,9.17953101465,-79.4188685913,336
Plan B,2016-04-06,8.17965937018,-81.0302859171,214
Plan B,2016-04-06,9.16793310305,-79.8272948668,255
Plan B,2016-04-06,9.26447535885,-79.7148668116,610
Plan C,2016-04-06,5.16778529821,-80.0746950049,979
Plan C,2016-04-06,8.24252520907,-80.4827686922,19
Plan D,2016-04-06,9.22540678038,-79.8829996046,905
Plan D,2016-04-06,9.29125179559,-79.7386547501,784
Plan E,2016-04-06,9.03585768941,-79.575668302,104
Plan E,2016-04-06,9.27842663032,-79.5988321112,229
Plan F,2016-04-06,9.02552540984,-79.5672201497,852
Plan F,2016-04-06,9.11272028572,-79.394081951,831
Plan F,2016-04-06,9.28807651631,-79.0657753835,654
Plan F,2016-04-06,9.32887829885,-79.7586633366,989
Plan G,2016-04-06,9.06761019856,-79.5526428404,230
Plan A,2016-04-07,7.92734597157,-79.9932417133,131
Plan A,2016-04-07,8.95830218589,-79.7993344564,283
Plan A,2016-04-07,9.11302238681,-79.4348663525,169
Plan A,2016-04-07,9.21359489735,-79.4730597189,622
Plan A,2016-04-07,9.24572930085,-79.5698992072,177
Plan B,2016-04-07,9.05384170064,-79.403768527,813
Plan B,2016-04-07,9.0677975237,-79.5139570295,817
Plan B,2016-04-07,9.2528392023,-79.7755183353,300
Plan C,2016-04-07,8.86649437339,-79.4945218582,937
Plan C,2016-04-07,9.77853903822,-79.8949928222,921
Plan D,2016-04-07,9.06040962462,-79.6531238705,947
Plan E,2016-04-07,8.97778366496,-79.3488112153,70
Plan E,2016-04-07,9.34467292833,-79.9305649577,451
Plan E,2016-04-07,9.58708320504,-79.8317035771,299
Plan F,2016-04-07,8.20650117585,-80.3439271712,288
Plan F,2016-04-07,8.34148888088,-80.5549821168,119
Plan F,2016-04-07,9.25385575939,-79.939176182,501
Plan G,2016-04-07,9.0541926538,-79.4595502525,484
Plan G,2016-04-07,9.09072233187,-79.838747116,278
Plan G,2016-04-07,9.21393863813,-79.3034141732,667
Plan G,2016-04-07,9.23648464728,-79.7378894921,270
Plan A,2016-04-08,8.27644221332,-79.9120039727,166
Plan A,2016-04-08,9.01054259822,-79.4345908867,127
Plan C,2016-04-08,8.38392198598,-80.2583679093,247
Plan C,2016-04-08,8.98786278451,-79.583952412,199
Plan C,2016-04-08,9.23919398987,-79.8451804399,944
Plan E,2016-04-08,8.8281908322,-79.7373199109,961
Plan E,2016-04-08,8.88006787156,-79.4953736618,262
Plan E,2016-04-08,8.98938662705,-79.3264244111,397
Plan E,2016-04-08,9.16312264474,-79.6024131033,123
Plan F,2016-04-08,8.20527688918,-81.0228302177,469
Plan F,2016-04-08,8.60250749306,-79.8062039866,34
Plan F,2016-04-08,9.13076249632,-79.5904889874,538
Plan F,2016-04-08,9.14553652049,-79.5398231665,779
Plan G,2016-04-08,8.55537446184,-80.4737349181,603
Plan G,2016-04-08,9.41300264941,-79.9592110423,1006
Plan A,2016-04-09,8.97302695225,-79.4716364616,108
Plan A,2016-04-09,9.02116501077,-79.6014001786,954
Plan A,2016-04-09,9.10349394996,-79.5736575339,10
Plan A,2016-04-09,9.11164562828,-79.5809814068,549
Plan A,2016-04-09,9.27384943393,-79.6438337523,740
Plan A,2016-04-09,9.55475006197,-79.8531729811,786
Plan B,2016-04-09,8.84175006062,-79.9510194938,359
Plan B,2016-04-09,8.88191607446,-79.7687312547,135
Plan B,2016-04-09,9.09177911232,-79.080424836,233
Plan B,2016-04-09,9.48745989962,-79.7633311308,545
Plan D,2016-04-09,8.80390746341,-79.685550403,332
Plan D,2016-04-09,8.97533288417,-79.5790513716,215
Plan E,2016-04-09,9.07803268492,-79.5660274924,660
Plan E,2016-04-09,9.40802685928,-79.8821303132,684
Plan E,2016-04-09,9.67997042032,-79.9021794386,54
Plan G,2016-04-09,8.73558404951,-79.8151600401,568
Plan G,2016-04-09,8.91811505392,-79.5168840255,101
Plan G,2016-04-09,9.07932501488,-79.7254018807,163
Plan G,2016-04-09,9.19568119412,-78.9722592428,24
Plan A,2016-04-10,9.09385408168,-79.5828881608,977
Plan A,2016-04-10,9.49825262363,-79.7270688576,941
Plan B,2016-04-10,9.2618793103,-79.7202599985,69
Plan C,2016-04-10,8.60386569362,-80.3203374942,479
Plan C,2016-04-10,8.70651329169,-79.9621367505,960
Plan C,2016-04-10,9.04453009103,-79.6342242036,372
Plan D,2016-04-10,8.46255696668,-79.8231177407,606
Plan D,2016-04-10,8.5642993239,-80.0412054845,793
Plan D,2016-04-10,8.88997160722,-79.9363898162,344
Plan D,2016-04-10,9.07126161688,-79.711340461,695
Plan D,2016-04-10,9.2603409734,-79.7323254069,73
Plan E,2016-04-10,8.87760031251,-79.4872434786,762
Plan E,2016-04-10,8.97154914314,-79.439496657,400
Plan E,2016-04-10,9.09859817368,-79.5173071416,627
Plan G,2016-04-10,8.80409531122,-79.9364959988,300
Plan G,2016-04-10,9.04114278208,-79.8180122044,438
Plan G,2016-04-10,9.06471266432,-79.5501767529,535
Plan A,2016-04-11,8.4330580749,-80.5536979507,280
Plan A,2016-04-11,8.96923289673,-79.7172142439,386
Plan A,2016-04-11,9.10916155592,-79.8116906431,254
Plan B,2016-04-11,9.27287362618,-79.7960392434,501
Plan B,2016-04-11,9.45169952946,-79.8650882852,432
Plan D,2016-04-11,9.06829931548,-79.8310757692,189
Plan D,2016-04-11,9.30432521779,-79.6093076671,811
Plan E,2016-04-11,8.1095223305,-80.5502440605,532
Plan E,2016-04-11,8.76685110375,-80.0516451052,397
Plan E,2016-04-11,9.02531720092,-79.8500284305,436
Plan E,2016-04-11,9.04947073931,-79.4365000961,188
Plan E,2016-04-11,9.0730875992,-79.3852517916,529
Plan F,2016-04-11,9.1491694992,-79.3440904271,468
Plan G,2016-04-11,8.65786189213,-79.9358557473,730
Plan G,2016-04-11,9.21509211429,-78.7727590517,885
Plan B,2016-04-12,9.12481642357,-79.9591765046,866
Plan C,2016-04-12,9.2294670481,-78.7549568595,771
Plan C,2016-04-12,9.24580422087,-79.6646351282,919
Plan D,2016-04-12,8.24035428466,-80.5509616098,60
Plan D,2016-04-12,8.42818448548,-80.5668048889,151
Plan D,2016-04-12,8.7319846835,-79.8886909398,583
Plan D,2016-04-12,8.89508183464,-79.4845108878,268
Plan E,2016-04-12,8.53213487386,-80.3032674541,415
Plan E,2016-04-12,9.15676601954,-79.566569679,267
Plan E,2016-04-12,9.18413553439,-78.9892969671,316
Plan F,2016-04-12,8.09764928914,-80.8195284547,656
Plan F,2016-04-12,9.16908301834,-79.7825424813,524
Plan F,2016-04-12,9.34185838247,-79.6132996288,390
Plan F,2016-04-12,9.40009789106,-79.9075201865,428
Plan G,2016-04-12,8.19772063829,-81.6414031492,318
Plan G,2016-04-12,9.01900791887,-79.8561098434,906
Plan G,2016-04-12,9.64408876382,-79.8801142435,196
Plan A,2016-04-13,8.15303578101,-80.7412706548,726
Plan B,2016-04-13,8.78641501814,-79.8310655595,286
Plan B,2016-04-13,9.08689046459,-79.581154903,164
Plan B,2016-04-13,9.24200224473,-79.7745961771,691
Plan C,2016-04-13,8.49118476934,-79.8496245256,828
Plan C,2016-04-13,9.11779635909,-79.6597464269,912
Plan C,2016-04-13,9.16540184277,-79.846316525,727
Plan C,2016-04-13,9.1991479469,-79.2689180761,345
Plan D,2016-04-13,9.07999765125,-79.6317113571,58
Plan D,2016-04-13,9.1485166711,-79.8616579815,301
Plan E,2016-04-13,8.43533879488,-79.8996145971,265
Plan E,2016-04-13,8.92215196455,-79.5569724328,657
Plan F,2016-04-13,8.90335255009,-79.7446533255,156
Plan F,2016-04-13,9.23202645161,-79.5980605622,244
Plan G,2016-04-13,8.88191654993,-79.4859605354,10
Plan A,2016-04-14,9.20733492105,-79.0628807615,1009
Plan A,2016-04-14,9.20855430158,-79.6739583843,996
Plan B,2016-04-14,9.00889107743,-79.5440523731,405
Plan C,2016-04-14,9.02321712379,-79.3456057795,902
Plan C,2016-04-14,9.04791049786,-79.7324990621,595
Plan D,2016-04-14,8.7710202675,-79.8451778824,856
Plan D,2016-04-14,8.90503063312,-79.9255863796,238
Plan D,2016-04-14,8.9130389616,-79.627877618,205
Plan D,2016-04-14,9.09674131723,-79.9700600339,689
Plan D,2016-04-14,9.13989818966,-78.871813091,927
Plan D,2016-04-14,9.14245803285,-79.6884386237,921
Plan D,2016-04-14,9.20228095405,-79.8278806703,284
Plan E,2016-04-14,8.58219720534,-80.4320281791,683
Plan E,2016-04-14,9.20984962722,-79.1042164295,221
Plan F,2016-04-14,8.69824013698,-80.4489784536,148
Plan F,2016-04-14,8.75794670594,-79.7140583191,21
Plan F,2016-04-14,9.01373905278,-79.8852797756,939
Plan F,2016-04-14,9.09403342418,-79.8060375304,594
Plan F,2016-04-14,9.22017906986,-79.0443129144,371
Plan G,2016-04-14,8.31181754185,-80.457207212,28
Plan B,2016-04-15,8.64642013139,-79.8923001453,849
Plan B,2016-04-15,8.78446662081,-79.8879927999,794
Plan B,2016-04-15,9.22654122853,-79.5221739884,978
Plan C,2016-04-15,8.93986775344,-79.5406623516,857
Plan C,2016-04-15,9.1328547689,-79.6939431765,821
Plan D,2016-04-15,8.69409676585,-80.4077021272,115
Plan D,2016-04-15,8.79360451652,-79.9498223547,868
Plan F,2016-04-15,9.16885296326,-79.8058084764,1002
Plan F,2016-04-15,9.55862248767,-79.8328855614,864
Plan G,2016-04-15,9.00716988084,-79.4575929947,267
Plan G,2016-04-15,9.14786490877,-79.421655982,365
Plan A,2016-04-16,8.75411373407,-79.6757012888,376
Plan A,2016-04-16,9.25928494424,-79.5747338704,850
Plan A,2016-04-16,9.59146348911,-79.8544755006,853
Plan B,2016-04-16,8.10839291849,-80.7244394455,706
Plan B,2016-04-16,8.22911905221,-80.0638403166,759
Plan B,2016-04-16,8.97790473225,-79.5304961521,254
Plan B,2016-04-16,9.05591728108,-79.6606661713,215
Plan B,2016-04-16,9.11275085797,-79.3916579991,757
Plan B,2016-04-16,9.11766564391,-79.6453336896,281
Plan B,2016-04-16,9.12261531281,-79.0417272931,989
Plan C,2016-04-16,8.01112432027,-80.8200879001,347
Plan C,2016-04-16,9.19375792899,-79.4035883537,256
Plan D,2016-04-16,9.2326042388,-78.9013342605,113
Plan E,2016-04-16,8.28805521365,-80.5846420783,953
Plan E,2016-04-16,9.01365051595,-79.5714278692,392
Plan F,2016-04-16,8.86128181038,-79.6990611275,123
Plan F,2016-04-16,8.95812564771,-79.564947278,422
Plan F,2016-04-16,9.15454677167,-79.7821578767,392
Plan F,2016-04-16,9.31077954469,-79.5310124825,368
Plan G,2016-04-16,9.08439190431,-79.80649393,169
Plan A,2016-04-17,8.12944634896,-80.212301438,874
Plan A,2016-04-17,8.33823454147,-80.3009025527,964
Plan A,2016-04-17,9.1903832097,-78.896382125,428
Plan A,2016-04-17,9.21468323999,-79.2311751971,447
Plan B,2016-04-17,9.05329690502,-79.3790383576,543
Plan B,2016-04-17,9.17579651451,-78.8259554182,469
Plan D,2016-04-17,8.22950608425,-80.4933800599,161
Plan D,2016-04-17,8.41487443493,-80.440692475,439
Plan D,2016-04-17,9.31434512299,-79.8270395969,885
Plan E,2016-04-17,8.48748163751,-79.9047528571,747
Plan E,2016-04-17,9.07250705747,-79.586933631,789
Plan E,2016-04-17,9.17189863043,-79.0167222462,491
Plan F,2016-04-17,8.08600976361,-80.8749893698,706
Plan F,2016-04-17,8.89113151193,-79.6581049653,369
Plan F,2016-04-17,8.93915581658,-79.5222427731,241
Plan F,2016-04-17,9.27115489458,-79.8436574652,197
Plan G,2016-04-17,8.8403837866,-79.5488358902,379
Plan G,2016-04-17,9.13667114489,-79.4890422899,553
Plan G,2016-04-17,9.15668366696,-79.8563030536,929
Plan A,2016-04-18,9.03459888463,-79.4844644326,468
Plan A,2016-04-18,9.15711874687,-79.4877111442,445
Plan C,2016-04-18,8.28324730472,-81.1919220464,985
Plan D,2016-04-18,9.07214691209,-79.4719837812,795
Plan E,2016-04-18,7.84798335558,-80.2772995131,686
Plan E,2016-04-18,8.94825289726,-79.4703943059,749
Plan E,2016-04-18,9.47599705462,-79.7978277423,626
Plan F,2016-04-18,8.98692431503,-79.6574364355,787
Plan F,2016-04-18,9.4407932695,-79.8616841671,590
Plan G,2016-04-18,8.07083691454,-81.3369534968,727
Plan G,2016-04-18,8.75613161822,-80.1249869329,355
Plan G,2016-04-18,9.19674232653,-78.9478172509,400
Plan G,2016-04-18,9.23274419759,-79.0801063549,970
Plan A,2016-04-19,8.73834674634,-80.3318761394,951
Plan A,2016-04-19,8.74777836231,-79.723957061,932
Plan A,2016-04-19,9.20139013894,-79.4608892304,355
Plan A,2016-04-19,9.26726280129,-79.949479314,75
Plan A,2016-04-19,9.58805618893,-80.0628510871,698
Plan B,2016-04-19,8.49345023665,-80.0266243184,144
Plan B,2016-04-19,8.98436607022,-79.4860173839,714
Plan B,2016-04-19,9.25517753379,-79.8665198386,823
Plan B,2016-04-19,9.42787054426,-79.7945008441,432
Plan B,2016-04-19,9.5356928405,-79.7666995629,750
Plan B,2016-04-19,9.69565636408,-79.8703404771,795
Plan C,2016-04-19,8.81569270052,-79.6757677253,247
Plan C,2016-04-19,9.06788642836,-79.2020956371,811
Plan C,2016-04-19,9.08710990116,-79.4420000419,747
Plan C,2016-04-19,9.40037877233,-79.7902103286,164
Plan D,2016-04-19,8.12912298607,-80.0249502044,320
Plan E,2016-04-19,8.61942327052,-79.9274224355,398
Plan E,2016-04-19,9.1884949051,-79.5068483981,793
Plan E,2016-04-19,9.63347623627,-79.8843671314,369
Plan F,2016-04-19,8.95260032547,-79.5721957616,869
Plan F,2016-04-19,9.09291856628,-79.8346871833,389
Plan F,2016-04-19,9.20878337705,-79.6269840661,338
Plan G,2016-04-19,9.09648868794,-79.8706296417,596
Plan G,2016-04-19,9.17077542584,-79.4701294071,631
Plan G,2016-04-19,9.4491297879,-79.8723309801,762
Plan G,2016-04-19,9.71553029518,-79.8678149594,101
Plan A,2016-04-20,8.83345329785,-79.579766514,583
Plan A,2016-04-20,9.10091866935,-79.6230890048,462
Plan B,2016-04-20,7.97761226726,-80.8391502691,794
Plan B,2016-04-20,9.33807165606,-79.92222693,911
Plan B,2016-04-20,9.56437193567,-79.8034490129,608
Plan D,2016-04-20,8.06900996802,-81.4337979652,645
Plan D,2016-04-20,9.38685329246,-79.7530067692,189
Plan E,2016-04-20,8.83169185852,-80.3703737882,699
Plan E,2016-04-20,9.35669379196,-79.7788107484,868
Plan E,2016-04-20,9.3693893711,-79.8693902107,1001
Plan F,2016-04-20,8.41894529559,-80.550608088,724
Plan F,2016-04-20,8.85585591727,-79.5739310768,378
Plan F,2016-04-20,8.96099967604,-79.4683643802,248
Plan F,2016-04-20,8.98169378438,-79.8915080746,472
Plan G,2016-04-20,8.1622462222,-80.4736357938,169
Plan G,2016-04-20,8.96475912268,-79.4781357606,473
Plan G,2016-04-20,8.99713085627,-80.1982160856,582
Plan G,2016-04-20,9.030275289,-79.855650826,841
Plan G,2016-04-20,9.14160306617,-79.4750534513,603
Plan G,2016-04-20,9.44730791514,-79.822726496,881
Plan B,2016-04-21,8.21135540183,-79.89688917,427
Plan B,2016-04-21,9.23369382321,-79.6561319833,132
Plan D,2016-04-21,9.61146521431,-79.9056989405,418
Plan E,2016-04-21,9.52774310813,-79.9838531771,886
Plan F,2016-04-21,8.92676892703,-79.5776065458,796
Plan F,2016-04-21,9.18393715525,-79.2517048977,502
Plan A,2016-04-22,8.99960575773,-79.2347671071,624
Plan A,2016-04-22,9.01614128646,-79.5799361873,604
Plan B,2016-04-22,8.659451456,-79.9744445238,609
Plan B,2016-04-22,9.05664008861,-79.5748082622,939
Plan C,2016-04-22,8.23483646107,-79.972321126,850
Plan C,2016-04-22,8.70736599934,-79.9548578991,66
Plan C,2016-04-22,9.13286549411,-79.6654596392,73
Plan D,2016-04-22,8.76988981768,-79.7417614209,614
Plan D,2016-04-22,9.18935795399,-79.7534678063,345
Plan E,2016-04-22,8.92725832145,-79.6351030983,991
Plan E,2016-04-22,8.99180190763,-79.4944812289,494
Plan E,2016-04-22,9.04858226198,-79.8847590607,495
Plan E,2016-04-22,9.09475635735,-79.6779165344,691
Plan E,2016-04-22,9.30631621349,-78.8110166023,99
Plan F,2016-04-22,9.04101651114,-79.6531381468,18
Plan F,2016-04-22,9.10557138356,-79.5470083991,475
Plan G,2016-04-22,8.17390869319,-81.3597837873,864
Plan G,2016-04-22,9.18256099364,-79.6737051715,431
Plan G,2016-04-22,9.19134989025,-79.5344442551,297
Plan G,2016-04-22,9.22720789077,-79.0325598592,858
Plan G,2016-04-22,9.26968245474,-79.9708656519,354
Plan A,2016-04-23,8.45112607213,-80.5142871489,252
Plan A,2016-04-23,9.1050035756,-79.4131237092,198
Plan B,2016-04-23,8.12358169882,-80.8482619067,419
Plan B,2016-04-23,9.00583978526,-79.310865277,391
Plan C,2016-04-23,8.15345929554,-80.3749421515,908
Plan C,2016-04-23,8.90675637616,-79.6529202424,807
Plan D,2016-04-23,9.01515494854,-79.546673138,233
Plan D,2016-04-23,9.10918475314,-79.3229071897,485
Plan D,2016-04-23,9.15439513726,-79.7336405697,448
Plan E,2016-04-23,9.10153054296,-79.5214429376,55
Plan G,2016-04-23,9.02822198802,-79.5851476136,443
Plan A,2016-04-24,9.08733831137,-79.337228348,434
Plan B,2016-04-24,8.67808639511,-80.3772240208,320
Plan B,2016-04-24,8.78045102211,-79.6443496917,173
Plan B,2016-04-24,8.85688102728,-80.132800696,378
Plan B,2016-04-24,9.03972510633,-79.3969918189,362
Plan C,2016-04-24,9.00533078147,-79.5510109692,563
Plan D,2016-04-24,9.07244272338,-79.5854185565,783
Plan F,2016-04-24,8.08609889945,-80.5578193642,1000
Plan F,2016-04-24,8.13766140467,-81.3655257801,726
Plan F,2016-04-24,8.27702341151,-79.9158119477,513
Plan F,2016-04-24,8.66301175206,-79.8243467152,787
Plan F,2016-04-24,9.33360333314,-79.8870929521,763
Plan G,2016-04-24,8.37664297915,-80.4567450917,17
Plan G,2016-04-24,8.94774243444,-79.4539294799,678
Plan G,2016-04-24,9.1943374357,-79.5266810744,677
Plan A,2016-04-25,8.91347056767,-79.5338890951,128
Plan A,2016-04-25,9.02723239875,-79.744358368,589
Plan B,2016-04-25,8.56758467537,-80.3405173022,605
Plan B,2016-04-25,8.96933846213,-79.2860284819,302
Plan B,2016-04-25,8.9891225186,-79.5280487125,63
Plan B,2016-04-25,9.12556917719,-79.8263323941,166
Plan B,2016-04-25,9.12670907801,-79.208457341,115
Plan B,2016-04-25,9.16655098424,-79.5883143615,920
Plan B,2016-04-25,9.22140029916,-79.6298878154,322
Plan C,2016-04-25,8.87156889454,-79.6471697681,313
Plan C,2016-04-25,9.05488045611,-79.3455535523,885
Plan C,2016-04-25,9.11761521058,-79.4098028949,625
Plan C,2016-04-25,9.39966168716,-79.7753951722,520
Plan F,2016-04-25,8.89234212276,-79.6410312248,913
Plan F,2016-04-25,9.06579101246,-79.7304828153,98
Plan G,2016-04-25,9.03529269475,-79.7161626839,797
Plan G,2016-04-25,9.04492511779,-79.7532295064,117
Plan A,2016-04-26,9.01054575118,-79.4292297372,441
Plan A,2016-04-26,9.10398362471,-79.5100138404,798
Plan A,2016-04-26,9.14985582755,-79.7462680275,307
Plan A,2016-04-26,9.25903801913,-79.6932383929,238
Plan B,2016-04-26,8.67130832632,-79.8896641212,582
Plan C,2016-04-26,9.08885244411,-79.2589440652,600
Plan C,2016-04-26,9.09496993538,-79.5414663942,270
Plan C,2016-04-26,9.16117494265,-79.0104053394,416
Plan C,2016-04-26,9.27443668472,-79.5640318736,263
Plan D,2016-04-26,8.09962097035,-79.9821793835,281
Plan D,2016-04-26,8.85791944436,-79.6322365451,880
Plan E,2016-04-26,9.01159736119,-79.4323998785,782
Plan E,2016-04-26,9.29835596757,-79.7240269531,746
Plan F,2016-04-26,8.55023284712,-80.5385122238,152
Plan F,2016-04-26,9.03781889869,-79.710997933,259
Plan G,2016-04-26,9.23300231131,-78.8822487746,811
Plan A,2016-04-27,8.13738278514,-81.3675496072,492
Plan A,2016-04-27,8.48664322671,-79.9210510663,630
Plan A,2016-04-27,8.71392858648,-79.9046800137,868
Plan A,2016-04-27,9.0478891478,-79.2939060984,622
Plan A,2016-04-27,9.25393590343,-79.0976377672,594
Plan B,2016-04-27,8.27463558329,-80.4709148005,482
Plan B,2016-04-27,8.7212017634,-80.3571456607,464
Plan B,2016-04-27,9.50534416567,-79.8228379506,729
Plan C,2016-04-27,9.013935051,-79.2229863016,359
Plan C,2016-04-27,9.07918121643,-79.505495396,388
Plan C,2016-04-27,9.38386679653,-79.8019061758,882
Plan D,2016-04-27,5.63306771757,-80.1402514429,986
Plan D,2016-04-27,9.02519235482,-79.5841312535,416
Plan D,2016-04-27,9.07805501735,-79.3574497706,508
Plan E,2016-04-27,8.60324048677,-80.0665105712,602
Plan E,2016-04-27,9.03833001669,-79.3333838605,973
Plan E,2016-04-27,9.10770980243,-79.3386250553,529
Plan E,2016-04-27,9.16919125848,-79.8727625396,976
Plan E,2016-04-27,9.57709952106,-79.8242738619,242
Plan E,2016-04-27,67.2110968236,-80.1425569676,797
Plan F,2016-04-27,8.79246095863,-79.7091230519,597
Plan F,2016-04-27,9.00774603226,-79.4372790096,447
Plan F,2016-04-27,9.1331013205,-79.6428158865,745
Plan G,2016-04-27,8.19839948229,-80.8184470054,443
Plan G,2016-04-27,9.26208912007,-78.9086228602,362
Plan A,2016-04-28,9.0235795426,-79.5928862781,788
Plan B,2016-04-28,9.08301591118,-79.4490719201,886
Plan C,2016-04-28,8.27845352112,-81.1795528978,613
Plan D,2016-04-28,8.41792815873,-79.8550215993,401
Plan D,2016-04-28,9.63685456285,-79.9124701802,504
Plan D,2016-04-28,9.753653694,-79.8697920319,65
Plan E,2016-04-28,9.08319326754,-79.5121622928,463
Plan E,2016-04-28,9.20742372159,-79.5860201655,152
Plan E,2016-04-28,9.53247232434,-80.0640816222,879
Plan F,2016-04-28,9.0595358612,-79.5543158259,505
Plan F,2016-04-28,9.08525687385,-79.1007731659,208
Plan F,2016-04-28,9.50721367533,-79.8099623613,932
Plan G,2016-04-28,8.16196600807,-81.1758107005,509
Plan G,2016-04-28,9.06477680559,-79.73779251,371
Plan G,2016-04-28,9.09451431509,-80.0599487498,233
Plan G,2016-04-28,9.23522284547,-79.8678369177,327
Plan G,2016-04-28,9.32322610978,-79.7691830376,719
Plan B,2016-04-29,9.09280297844,-79.4742523192,835
Plan B,2016-04-29,9.18919911387,-79.383489694,161
Plan B,2016-04-29,9.25373131322,-79.5950122112,860
Plan C,2016-04-29,8.77287249071,-79.8192470197,296
Plan E,2016-04-29,8.67842450745,-79.8918671449,514
Plan E,2016-04-29,9.10226447432,-79.510646885,977
Plan E,2016-04-29,9.44384115198,-79.7851282155,487
Plan F,2016-04-29,8.94595711807,-79.5885270537,907
Plan F,2016-04-29,9.01804878082,-79.5883888855,625
Plan F,2016-04-29,9.05141570483,-79.2067732076,772
Plan F,2016-04-29,9.13716619572,-79.4482369524,59
Plan F,2016-04-29,9.37480385246,-79.9428476254,397
Plan G,2016-04-29,7.99526314339,-79.977687283,695
Plan G,2016-04-29,8.68035276531,-79.9737135967,592
Plan G,2016-04-29,8.90216493296,-79.7376154393,753
Plan G,2016-04-29,8.95433363454,-79.5769593638,404
Plan G,2016-04-29,9.03367376117,-79.6461630343,951
Plan G,2016-04-29,9.10502956728,-79.3297319309,213
Plan A,2016-04-30,9.00404373211,-79.4865466305,1004
Plan B,2016-04-30,8.83589066776,-79.5886666113,899
Plan B,2016-04-30,9.11845254185,-79.6356155075,543
Plan D,2016-04-30,8.11983188962,-81.599926784,946
Plan D,2016-04-30,9.68100068834,-79.858362901,191
Plan F,2016-04-30,8.81692349786,-79.5399178786,885
Plan F,2016-04-30,9.03749919795,-79.3486261455,155
Plan F,2016-04-30,9.19405371348,-79.697873246,223
Plan F,2016-04-30,9.23571046514,-79.9849664292,667
Plan G,2016-04-30,8.80284444794,-79.6587804719,272
Plan G,2016-04-30,9.06157093939,-79.5001578931,28
Plan A,2016-05-01,9.15847575241,-79.5902370789,967
Plan A,2016-05-01,9.18098049322,-78.983526063,748
Plan B,2016-05-01,9.190219145,-79.1092133745,963
Plan B,2016-05-01,9.27410652326,-78.8897989377,7
Plan C,2016-05-01,8.16834422704,-80.481684368,893
Plan C,2016-05-01,9.0644524211,-79.2540782415,530
Plan D,2016-05-01,9.00274639322,-80.1253565045,50
Plan F,2016-05-01,9.04711544096,-79.5950019606,603
Plan F,2016-05-01,9.25130359511,-78.8338413283,505
Plan G,2016-05-01,9.09741064681,-79.2015184976,255
Plan G,2016-05-01,9.10268503909,-79.4360490268,711
Plan A,2016-05-02,9.36191696973,-79.9299641117,782
Plan B,2016-05-02,9.06625580801,-79.5996255391,326
Plan B,2016-05-02,9.3339408735,-79.6492548678,822
Plan C,2016-05-02,8.2275155342,-80.4816109598,690
Plan C,2016-05-02,9.02477364875,-79.4107236669,262
Plan C,2016-05-02,9.18537961861,-79.5772602076,236
Plan C,2016-05-02,9.31998570645,-79.6363465355,708
Plan C,2016-05-02,9.49035960349,-79.7422241325,629
Plan D,2016-05-02,8.92980988128,-79.6355510314,581
Plan E,2016-05-02,9.079245814,-79.5091609843,76
Plan E,2016-05-02,9.29453177352,-79.9653133636,510
Plan G,2016-05-02,8.14453179193,-80.8011507997,213
Plan G,2016-05-02,8.83069300495,-79.6218075191,224
Plan G,2016-05-02,8.93066600002,-79.6782618019,360
Plan G,2016-05-02,9.10064708669,-79.6390045544,73
Plan A,2016-05-03,9.09872596828,-79.5534207641,336
Plan B,2016-05-03,8.12122348838,-80.3455764825,253
Plan B,2016-05-03,9.08334012092,-79.7379602638,525
Plan B,2016-05-03,9.22826364442,-79.538572852,988
Plan C,2016-05-03,8.6966034052,-79.9403230431,127
Plan C,2016-05-03,8.71398230271,-79.9337677388,613
Plan C,2016-05-03,9.46831252649,-79.7779378109,106
Plan D,2016-05-03,8.22787517693,-79.9632305769,636
Plan D,2016-05-03,9.21825997844,-79.709578291,19
Plan F,2016-05-03,8.9631452182,-79.4886239238,665
Plan F,2016-05-03,9.05729270274,-79.2400070662,321
Plan F,2016-05-03,9.11378234771,-79.3518530578,156
Plan F,2016-05-03,9.56193040793,-79.8803108108,174
Plan A,2016-05-04,8.97216131152,-79.477938762,528
Plan B,2016-05-04,8.81402431554,-79.7588651971,445
Plan B,2016-05-04,9.02957645748,-79.7240473512,389
Plan B,2016-05-04,9.18753116428,-79.5276966068,845
Plan B,2016-05-04,29.9832892386,-80.0629083251,581
Plan C,2016-05-04,9.57737268664,-79.8766365696,619
Plan D,2016-05-04,8.16819608705,-81.1586370902,982
Plan D,2016-05-04,8.25314677977,-80.4620882462,1004
Plan D,2016-05-04,9.11930710425,-79.6469402871,1001
Plan D,2016-05-04,9.21478577672,-79.7644353898,799
Plan D,2016-05-04,9.22265765478,-79.1603142721,82
Plan E,2016-05-04,8.75412538304,-79.7925201514,964
Plan E,2016-05-04,9.14533378866,-79.3853725466,760
Plan G,2016-05-04,9.51806513091,-79.7545947686,279
Plan A,2016-05-05,8.97292016058,-79.4427786167,781
Plan A,2016-05-05,9.06398010115,-79.69985092,903
Plan A,2016-05-05,9.08366384157,-79.549656205,878
Plan B,2016-05-05,8.2186266011,-81.0223296597,886
Plan C,2016-05-05,9.05162702722,-79.4665450811,243
Plan D,2016-05-05,8.96998436606,-79.5077209625,580
Plan D,2016-05-05,9.23215533807,-79.541733258,830
Plan E,2016-05-05,8.88599821736,-79.5741550137,181
Plan F,2016-05-05,8.35411093386,-80.5109973507,329
Plan A,2016-05-06,9.06261238128,-79.4557842248,514
Plan B,2016-05-06,8.92294348422,-79.8882498921,614
Plan B,2016-05-06,8.93483534441,-79.4962426112,546
Plan B,2016-05-06,9.1521774781,-79.7579457461,540
Plan C,2016-05-06,9.12920437249,-79.3751214331,969
Plan E,2016-05-06,9.19280081289,-79.429026164,16
Plan E,2016-05-06,9.34426838922,-79.8523523319,954
Plan F,2016-05-06,8.99544949627,-80.0709722809,178
Plan F,2016-05-06,9.41728484895,-79.857021278,140
Plan G,2016-05-06,8.11931172795,-81.4601529037,665
Plan G,2016-05-06,8.8280435619,-79.9593869423,225
Plan G,2016-05-06,8.9915691929,-79.4997405502,643
Plan G,2016-05-06,9.01124756571,-79.8870577325,731
Plan G,2016-05-06,9.24041344645,-79.4812933987,753
Plan A,2016-05-07,9.10005892479,-79.6703651642,232
Plan A,2016-05-07,9.20407343464,-79.1659727118,846
Plan A,2016-05-07,112.077746686,-80.1152778868,159
Plan B,2016-05-07,8.30683998085,-80.5781164698,687
Plan B,2016-05-07,8.90187651602,-79.408552696,890
Plan B,2016-05-07,9.06307597892,-79.4892389879,3
Plan B,2016-05-07,9.20958883517,-79.7301517192,491
Plan C,2016-05-07,8.30428378025,-80.6594235025,926
Plan C,2016-05-07,8.77873534243,-79.8738111937,533
Plan D,2016-05-07,8.97863872405,-79.5452649467,428
Plan D,2016-05-07,9.01147547617,-79.4921013247,647
Plan E,2016-05-07,8.86057497649,-79.6447842029,438
Plan E,2016-05-07,8.89564805984,-79.8376784567,467
Plan F,2016-05-07,8.59324810025,-79.8013982248,877
Plan G,2016-05-07,8.86827979581,-79.6991330255,946
Plan A,2016-05-08,8.92544025522,-79.4426406154,486
Plan A,2016-05-08,9.00765437385,-79.3969107247,680
Plan A,2016-05-08,9.68803901153,-79.8474615183,616
Plan B,2016-05-08,8.89845272718,-79.4869169504,370
Plan B,2016-05-08,8.98994802092,-79.8533125891,627
Plan B,2016-05-08,9.24440532542,-79.5789830194,118
Plan C,2016-05-08,8.9403515938,-79.5295403165,271
Plan C,2016-05-08,9.00709741667,-79.340021527,988
Plan C,2016-05-08,9.11335300038,-79.3744057707,381
Plan C,2016-05-08,9.18493370649,-79.7816144977,962
Plan C,2016-05-08,9.19977987105,-79.5635617011,378
Plan D,2016-05-08,9.02534224035,-79.8775295721,78
Plan D,2016-05-08,9.09930378522,-79.634378489,566
Plan E,2016-05-08,8.69119040061,-79.7641858818,584
Plan E,2016-05-08,9.21951002246,-79.9686596047,46
Plan F,2016-05-08,9.0563894346,-79.5193785375,544
Plan F,2016-05-08,9.19043802642,-79.5370989016,135
Plan A,2016-05-09,8.34263266078,-80.1937140906,839
Plan A,2016-05-09,8.77573366648,-79.6357591648,990
Plan A,2016-05-09,8.79089254436,-79.7482931843,7
Plan A,2016-05-09,8.96044130701,-79.5437540593,832
Plan A,2016-05-09,8.96715353038,-79.4905557022,8
Plan A,2016-05-09,9.01174161612,-79.4574425833,484
Plan A,2016-05-09,9.22112628919,-79.715150423,714
Plan A,2016-05-09,9.46123045998,-79.7304960875,486
Plan B,2016-05-09,9.15144533613,-79.5218374979,88
Plan B,2016-05-09,9.15952441128,-79.3622715381,289
Plan B,2016-05-09,9.17341286345,-79.6906515157,912
Plan C,2016-05-09,9.20349774407,-79.676526929,116
Plan D,2016-05-09,9.00968133006,-79.3293160486,906
Plan E,2016-05-09,8.79557280998,-80.1464884109,922
Plan F,2016-05-09,8.99664470689,-79.4887642559,551
Plan F,2016-05-09,9.01756925881,-79.6456562602,548
Plan F,2016-05-09,9.20060479497,-78.926789268,301
Plan F,2016-05-09,9.44904071394,-79.8151059922,432
Plan G,2016-05-09,8.78672828872,-80.2331234271,810
Plan A,2016-05-10,8.84385896731,-79.8968169255,945
Plan A,2016-05-10,9.04552934815,-79.6024540394,427
Plan B,2016-05-10,8.07466998207,-79.9862582046,75
Plan B,2016-05-10,8.91642516061,-79.6353697334,659
Plan C,2016-05-10,9.04207086734,-79.9278059694,688
Plan E,2016-05-10,9.19374747746,-79.7026206168,1006
Plan F,2016-05-10,8.74096611282,-79.7893768991,393
Plan F,2016-05-10,9.12068261339,-79.7452552885,926
Plan B,2016-05-11,8.58100136363,-80.3069406398,840
Plan C,2016-05-11,9.0696705105,-79.6051739436,53
Plan C,2016-05-11,9.19703573064,-79.369128352,945
Plan C,2016-05-11,9.23241717587,-79.7330747227,495
Plan D,2016-05-11,8.4046019333,-79.9294567452,238
Plan D,2016-05-11,8.46008439747,-79.8771190526,758
Plan D,2016-05-11,8.95246614115,-79.7332959199,334
Plan D,2016-05-11,9.11845368111,-79.4244313698,446
Plan D,2016-05-11,9.13727456093,-79.4499753009,550
Plan F,2016-05-11,9.12730585996,-79.687000037,458
Plan F,2016-05-11,9.36755379048,-79.6507765505,870
Plan F,2016-05-11,9.39222859782,-79.9522393042,867
Plan G,2016-05-11,9.10959413107,-79.5041085168,955
Plan B,2016-05-12,8.73878890073,-79.9476295235,467
Plan B,2016-05-12,9.48885240577,-79.8030422238,509
Plan C,2016-05-12,9.28862457762,-79.6558514855,689
Plan D,2016-05-12,8.83703218713,-79.7319585894,56
Plan D,2016-05-12,8.9916749874,-79.6671194605,762
Plan D,2016-05-12,9.06102603538,-79.4658665251,83
Plan E,2016-05-12,8.42855440329,-79.9808575576,959
Plan E,2016-05-12,8.79581990723,-79.8191614867,251
Plan E,2016-05-12,9.08006271047,-79.6647459412,858
Plan E,2016-05-12,9.22515874262,-79.7852933908,807
Plan F,2016-05-12,8.86842038859,-79.8530178884,673
Plan F,2016-05-12,8.97085413273,-79.8105953665,32
Plan F,2016-05-12,9.15981490747,-79.6145267697,313
Plan G,2016-05-12,7.67337411017,-80.0431169917,319
Plan G,2016-05-12,9.23265872783,-79.6082046402,98
Plan B,2016-05-13,8.2655405069,-80.3921362929,298
Plan B,2016-05-13,9.13468483941,-79.3576931176,441
Plan C,2016-05-13,8.59866131799,-80.1012993766,903
Plan C,2016-05-13,8.98324973167,-79.7881709178,16
Plan C,2016-05-13,9.03624101004,-79.2140079088,26
Plan D,2016-05-13,9.11552385826,-79.4727472399,783
Plan E,2016-05-13,8.97632912573,-79.4492027065,945
Plan E,2016-05-13,8.98014031504,-79.6419934024,911
Plan F,2016-05-13,9.07824680517,-79.8457190177,538
Plan G,2016-05-13,9.04517118259,-79.6147154453,579
Plan G,2016-05-13,9.16094268466,-79.6843810899,488
Plan G,2016-05-13,9.18222357069,-79.5944961349,207
Plan G,2016-05-13,9.50759746913,-79.7890565828,887
Plan A,2016-05-14,8.00439332453,-81.3543912401,298
Plan A,2016-05-14,9.09832898704,-79.6560033053,311
Plan B,2016-05-14,9.22686409673,-79.2344029881,320
Plan C,2016-05-14,8.38628242931,-79.942929253,22
Plan D,2016-05-14,8.89931615906,-79.8856592177,957
Plan D,2016-05-14,8.98902033036,-79.4734580957,447
Plan E,2016-05-14,9.07656039012,-79.6137247235,982
Plan E,2016-05-14,9.1644083457,-79.5285740719,180
Plan F,2016-05-14,8.18981715455,-80.303965093,709
Plan F,2016-05-14,9.12766947276,-79.4694684314,510
Plan G,2016-05-14,8.60740224637,-79.820189421,371
Plan G,2016-05-14,8.70052792559,-79.9172472793,607
Plan G,2016-05-14,9.12453515408,-79.3382166177,496
Plan A,2016-05-15,9.01033776661,-79.6004249364,419
Plan A,2016-05-15,9.06478168211,-79.5737142382,881
Plan A,2016-05-15,9.15669090394,-79.6714084565,551
Plan B,2016-05-15,8.71150673327,-79.8446628405,973
Plan B,2016-05-15,9.00543071755,-79.5175780928,210
Plan B,2016-05-15,9.47963516684,-79.8883812373,899
Plan C,2016-05-15,8.6583657327,-79.8450974485,479
Plan D,2016-05-15,8.6253629613,-79.8546492134,399
Plan D,2016-05-15,9.26869915211,-78.8286322043,98
Plan D,2016-05-15,9.88466941529,-80.082972385,747
Plan E,2016-05-15,9.17806574031,-79.8097620449,442
Plan E,2016-05-15,9.27937365883,-79.8274596502,38
Plan E,2016-05-15,9.50762610106,-79.8366252828,704
Plan F,2016-05-15,8.93481620727,-79.8361562794,793
Plan F,2016-05-15,8.98962387915,-79.3885405732,990
Plan F,2016-05-15,9.05751219396,-79.4608326273,292
Plan F,2016-05-15,9.07359343732,-79.508367059,184
Plan A,2016-05-16,8.8526788789,-79.7874529581,931
Plan A,2016-05-16,9.44089458725,-79.7302573982,97
Plan B,2016-05-16,8.91202120227,-79.486578535,78
Plan B,2016-05-16,9.07313956165,-79.7695771657,821
Plan B,2016-05-16,9.2053238925,-79.5044885545,908
Plan B,2016-05-16,9.26848876976,-79.888400606,982
Plan C,2016-05-16,9.20918075893,-79.1298629691,753
Plan D,2016-05-16,8.86609814228,-79.7624821729,606
Plan D,2016-05-16,9.07122019584,-79.587257926,254
Plan E,2016-05-16,9.34354012143,-79.7227264929,88
Plan F,2016-05-16,9.03070516486,-79.3466728678,310
Plan F,2016-05-16,9.29935641839,-79.5762994262,161
Plan F,2016-05-16,9.41046714148,-79.9170023309,378
Plan F,2016-05-16,9.48665749195,-79.7379015288,599
Plan A,2016-05-17,9.27196577816,-79.8523251863,535
Plan B,2016-05-17,8.58101346404,-79.8827676343,548
Plan B,2016-05-17,8.90728442909,-79.4551206937,575
Plan B,2016-05-17,9.05680903748,-79.5950058539,269
Plan B,2016-05-17,9.31490751527,-79.6455190407,981
Plan B,2016-05-17,9.34030417754,-79.6919281397,293
Plan C,2016-05-17,9.13733063717,-79.5546307423,62
Plan C,2016-05-17,9.23420189007,-78.7773620622,714
Plan D,2016-05-17,9.22743335905,-79.1190298366,399
Plan D,2016-05-17,9.24488468655,-79.6297166831,69
Plan E,2016-05-17,9.03372206548,-79.6040173867,142
Plan E,2016-05-17,9.40570878617,-79.8786517343,295
Plan G,2016-05-17,7.79754562028,-80.1643811263,719
Plan G,2016-05-17,8.50018008025,-80.2530724563,423
Plan G,2016-05-17,9.03620119361,-79.519271887,48
Plan A,2016-05-18,9.10372390322,-79.6915237936,643
Plan A,2016-05-18,9.40626904949,-79.8529801116,500
Plan C,2016-05-18,9.17598542326,-79.8789336105,613
Plan D,2016-05-18,9.00666009531,-79.8404337704,24
Plan D,2016-05-18,9.53043337077,-79.8464028447,893
Plan E,2016-05-18,9.01709667888,-79.3507282735,827
Plan E,2016-05-18,9.07606761232,-79.599111988,158
Plan E,2016-05-18,9.08501666153,-79.8343661731,724
Plan G,2016-05-18,8.99327572315,-79.5257866677,585
Plan A,2016-05-19,8.09644081595,-80.2667923217,982
Plan A,2016-05-19,8.9272825913,-79.4727576848,822
Plan A,2016-05-19,9.03027096807,-79.4530568179,252
Plan A,2016-05-19,9.0400245174,-79.6908069247,604
Plan A,2016-05-19,9.10806999276,-79.9212854178,985
Plan B,2016-05-19,9.06081867506,-79.4535381428,356
Plan B,2016-05-19,9.11126275941,-79.8510764699,63
Plan B,2016-05-19,9.1351676339,-79.5582905605,822
Plan C,2016-05-19,9.12707670122,-79.2876836314,795
Plan C,2016-05-19,9.22365716003,-79.5367441492,31
Plan D,2016-05-19,8.85842039467,-79.6165317346,557
Plan D,2016-05-19,9.13864448688,-79.6246805607,603
Plan E,2016-05-19,8.82023244298,-79.7264582288,510
Plan E,2016-05-19,9.14077117279,-79.8129039181,431
Plan E,2016-05-19,9.15392512986,-78.9934828619,625
Plan F,2016-05-19,8.76907465774,-79.7853549687,474
Plan F,2016-05-19,9.00567499733,-79.5276813469,393
Plan F,2016-05-19,9.42010929198,-79.7510524296,559
Plan G,2016-05-19,8.99036302869,-79.5398241036,558
Plan A,2016-05-20,9.06566169309,-79.5551431493,260
Plan A,2016-05-20,9.12619464454,-79.2175357312,425
Plan B,2016-05-20,8.99421790075,-79.5968868393,684
Plan B,2016-05-20,9.06695555981,-79.4862651547,96
Plan B,2016-05-20,9.54618012189,-79.8906420884,391
Plan C,2016-05-20,9.03890014362,-79.2636099808,24
Plan C,2016-05-20,9.08170512671,-79.7526308832,366
Plan C,2016-05-20,9.34819912031,-79.9100097024,233
Plan D,2016-05-20,9.17189752138,-79.0563338898,64
Plan E,2016-05-20,9.03748408389,-79.5282883462,397
Plan E,2016-05-20,9.11261324963,-79.8899639868,141
Plan E,2016-05-20,9.51117356579,-80.0158733062,210
Plan E,2016-05-20,10.8838377486,-80.1429007435,1006
Plan F,2016-05-20,9.02292135586,-79.311987003,968
Plan F,2016-05-20,9.6404004147,-79.7944337975,67
Plan G,2016-05-20,7.77363198418,-80.1754044725,917
Plan G,2016-05-20,8.12816227291,-81.587483606,188
Plan G,2016-05-20,8.92082328168,-79.8133896668,18
Plan G,2016-05-20,96.8404131715,-80.1328283913,650
Plan B,2016-05-21,9.30651212645,-79.7878293292,569
Plan B,2016-05-21,9.37443355812,-79.8295526276,161
Plan C,2016-05-21,9.06376757353,-79.5299920463,672
Plan C,2016-05-21,9.13212969399,-79.2564999622,561
Plan D,2016-05-21,8.01700862465,-80.6348766208,671
Plan D,2016-05-21,8.8045375081,-79.982865098,583
Plan D,2016-05-21,8.94760254818,-79.4878635192,977
Plan D,2016-05-21,9.04641029602,-79.4788774529,561
Plan D,2016-05-21,9.28998588883,-78.8889787145,66
Plan F,2016-05-21,8.86258485297,-79.49602857,1003
Plan F,2016-05-21,8.89443630262,-79.9413196734,802
Plan G,2016-05-21,8.8348658966,-79.8543233338,516
Plan G,2016-05-21,9.15760552734,-79.5663430807,316
Plan G,2016-05-21,9.23652563581,-78.9571309009,390
Plan A,2016-05-22,9.1280975798,-79.496652468,334
Plan A,2016-05-22,9.16155312356,-79.4316824696,194
Plan A,2016-05-22,9.35203422503,-79.6290808633,179
Plan A,2016-05-22,9.40635005326,-79.8546811956,30
Plan B,2016-05-22,9.18570337519,-79.2545257241,60
Plan B,2016-05-22,9.24433905497,-78.9689547062,66
Plan B,2016-05-22,9.61141587835,-79.8284338901,585
Plan C,2016-05-22,9.20148038474,-79.6490400263,140
Plan C,2016-05-22,9.21208007507,-79.5999035984,789
Plan D,2016-05-22,9.26417191593,-78.7730393161,927
Plan E,2016-05-22,9.36018002706,-79.8116988563,746
Plan E,2016-05-22,9.64134213475,-79.8158747942,59
Plan F,2016-05-22,9.09473666173,-79.7295025052,268
Plan F,2016-05-22,9.51363310305,-79.8167704301,575
Plan G,2016-05-22,8.43856749064,-80.5452990829,298
Plan G,2016-05-22,9.03392813786,-79.531795885,190
Plan G,2016-05-22,9.03786402591,-79.6519536465,16
Plan A,2016-05-23,8.93702607864,-79.5273098217,137
Plan A,2016-05-23,9.08008305198,-79.3948185701,82
Plan A,2016-05-23,9.15566721201,-79.5277773682,894
Plan A,2016-05-23,9.20707936879,-79.4101710475,491
Plan A,2016-05-23,9.63170233937,-79.9315757836,685
Plan B,2016-05-23,8.33163496268,-80.5595208242,642
Plan B,2016-05-23,8.81795100671,-79.917952837,66
Plan B,2016-05-23,8.94449735895,-79.9170333077,2
Plan C,2016-05-23,8.71429912089,-79.7268075913,563
Plan C,2016-05-23,8.71623720357,-79.9587337359,373
Plan C,2016-05-23,8.78094772179,-79.7763069713,185
Plan D,2016-05-23,8.44250120182,-80.402884392,335
Plan D,2016-05-23,8.86874198502,-79.5776380419,364
Plan D,2016-05-23,8.93770091537,-79.6722682359,653
Plan D,2016-05-23,9.21440111554,-79.5253611744,57
Plan E,2016-05-23,8.25302096147,-81.2563851921,752
Plan E,2016-05-23,8.41219670111,-79.8897076494,141
Plan E,2016-05-23,8.94924960923,-79.4090094535,65
Plan E,2016-05-23,9.08003054652,-79.6899602355,859
Plan E,2016-05-23,9.09991092599,-79.4447173599,822
Plan G,2016-05-23,8.93707053527,-79.5910728839,510
Plan A,2016-05-24,8.994819824,-79.6487950247,21
Plan B,2016-05-24,8.98156561979,-79.4349718481,849
Plan C,2016-05-24,9.01914378778,-79.8343170062,313
Plan C,2016-05-24,9.42133598575,-79.893930634,724
Plan D,2016-05-24,8.61047211034,-79.8391033051,33
Plan D,2016-05-24,9.12545515379,-79.4807692859,8
Plan D,2016-05-24,9.13005606479,-79.7743635461,490
Plan E,2016-05-24,8.48825496887,-80.5118276996,94
Plan E,2016-05-24,9.12621628514,-79.7739979415,991
Plan E,2016-05-24,9.13303633872,-79.4608617583,618
Plan F,2016-05-24,8.97980212009,-79.6426442512,363
Plan F,2016-05-24,9.11776416969,-79.5852968442,815
Plan F,2016-05-24,9.17255348734,-79.789848569,918
Plan G,2016-05-24,8.84737581571,-79.7209504446,311
Plan G,2016-05-24,8.85585361245,-79.5231394789,104
Plan G,2016-05-24,8.9365991224,-79.4240480153,963
Plan G,2016-05-24,9.04376820959,-79.4999231466,494
Plan G,2016-05-24,9.15278618535,-78.9962274891,569
Plan G,2016-05-24,9.22859207607,-78.8337627031,609
Plan B,2016-05-25,9.1594626311,-79.4475731759,304
Plan D,2016-05-25,9.15096677417,-80.1672774312,311
Plan E,2016-05-25,8.7432613477,-79.8450930212,787
Plan E,2016-05-25,8.7807398997,-80.2578908984,482
Plan E,2016-05-25,9.05737219407,-79.4626505181,190
Plan F,2016-05-25,8.68675359439,-79.8138826988,539
Plan F,2016-05-25,9.17944880845,-78.8227809252,537
Plan F,2016-05-25,9.24670641822,-79.8258247782,435
Plan G,2016-05-25,9.06426862683,-79.5162515408,614
Plan A,2016-05-26,9.03056601553,-79.6973778151,396
Plan A,2016-05-26,9.05388115372,-79.4765928113,582
Plan B,2016-05-26,9.11269811812,-79.8753572066,178
Plan C,2016-05-26,8.03582977573,-80.9757245846,633
Plan C,2016-05-26,9.14759493368,-79.3587979046,582
Plan C,2016-05-26,9.21429302176,-79.4062577789,105
Plan C,2016-05-26,103.882380601,-80.0776909591,96
Plan D,2016-05-26,8.47336049458,-79.9530562927,48
Plan D,2016-05-26,9.15446083004,-79.1596909299,366
Plan D,2016-05-26,9.32069752485,-79.9062995097,175
Plan D,2016-05-26,9.35026950719,-79.7707877904,665
Plan E,2016-05-26,8.90308126772,-79.875223054,46
Plan E,2016-05-26,9.12758207603,-79.7782975648,880
Plan E,2016-05-26,9.52219668038,-79.8687387049,365
Plan F,2016-05-26,9.1359777459,-79.9463805558,707
Plan F,2016-05-26,9.20732594726,-79.5205374072,48
Plan G,2016-05-26,9.00457721577,-79.6628748201,311
Plan G,2016-05-26,9.15624617324,-79.7470393909,174
Plan A,2016-05-27,9.02480172199,-79.7619148667,153
Plan B,2016-05-27,8.87252504314,-79.5274692162,296
Plan B,2016-05-27,9.49569245278,-79.9599537109,697
Plan C,2016-05-27,8.81246868869,-79.9339281951,901
Plan C,2016-05-27,8.99845232358,-79.5575924327,174
Plan E,2016-05-27,9.00878098379,-79.4272471452,45
Plan E,2016-05-27,9.02196096225,-79.5821611814,956
Plan E,2016-05-27,9.20461885509,-78.8824662719,431
Plan G,2016-05-27,8.91076798928,-79.7764379167,369
Plan G,2016-05-27,9.24930682292,-79.5671509968,210
Plan A,2016-05-28,9.37556390489,-79.6026698781,930
Plan B,2016-05-28,8.33462693128,-80.4544727079,604
Plan B,2016-05-28,9.1119828814,-79.8067670747,665
Plan B,2016-05-28,9.13513322057,-79.5858383052,48
Plan C,2016-05-28,8.87669462947,-79.9276789936,202
Plan C,2016-05-28,9.03384248937,-79.8189801441,331
Plan C,2016-05-28,9.13108528175,-79.3378876695,392
Plan D,2016-05-28,8.8304059054,-79.62177191,115
Plan D,2016-05-28,8.96457453644,-79.5887958507,367
Plan D,2016-05-28,9.01884577654,-79.4556904246,336
Plan D,2016-05-28,9.24212633303,-78.9818423772,338
Plan D,2016-05-28,9.32205173705,-79.7499493383,562
Plan E,2016-05-28,9.07615518406,-79.5411255437,728
Plan E,2016-05-28,9.33958673206,-79.8759998156,736
Plan F,2016-05-28,9.00784529036,-79.6095282083,191
Plan F,2016-05-28,9.4893921142,-79.9607553302,574
Plan A,2016-05-29,9.25110392544,-79.6007441702,204
Plan A,2016-05-29,9.45437445018,-79.843943134,954
Plan B,2016-05-29,8.30333345919,-80.3679721715,547
Plan C,2016-05-29,8.93854461145,-79.4924881601,346
Plan C,2016-05-29,9.08868180266,-79.5679516639,149
Plan C,2016-05-29,9.39136919723,-79.8877247506,385
Plan D,2016-05-29,8.82288161063,-79.6258143684,259
Plan D,2016-05-29,9.0933237351,-79.2779667781,234
Plan E,2016-05-29,8.07534150206,-79.9572325948,436
Plan E,2016-05-29,9.02052067702,-79.5513101503,707
Plan F,2016-05-29,8.46981678568,-79.8990971104,146
Plan G,2016-05-29,8.89301943214,-79.4749196966,656
Plan G,2016-05-29,8.96403920494,-79.8651634211,681
Plan G,2016-05-29,9.01192873277,-79.6127545969,698
Plan A,2016-05-30,8.50133868896,-80.2826945788,391
Plan A,2016-05-30,9.07622360348,-79.3406327436,52
Plan B,2016-05-30,8.34101299337,-80.6047714255,509
Plan B,2016-05-30,9.071358479,-79.4627123312,659
Plan C,2016-05-30,9.14631955685,-79.3096243292,164
Plan C,2016-05-30,9.39671433499,-79.9183856629,367
Plan C,2016-05-30,9.41079613576,-79.8058378455,138
Plan D,2016-05-30,9.03247275447,-79.3267203549,863
Plan D,2016-05-30,9.42571765886,-79.9177183882,363
Plan E,2016-05-30,8.92848221599,-79.4977228744,258
Plan E,2016-05-30,8.98089608446,-79.4102068493,628
Plan E,2016-05-30,9.24028604633,-79.7646898023,326
Plan F,2016-05-30,8.414075695,-80.2572116443,741
Plan F,2016-05-30,8.81520471,-79.7330754622,638
Plan G,2016-05-30,7.9866702192,-79.9795261878,914
Plan G,2016-05-30,8.88114402687,-79.7443502631,862
